{"learner":{"attributes":{},"feature_names":[],"feature_types":[],"gradient_booster":{"model":{"gbtree_model_param":{"num_parallel_tree":"1","num_trees":"10"},"iteration_indptr":[0,1,2,3,4,5,6,7,8,9,10],"tree_info":[0,0,0,0,0,0,0,0,0,0],"trees":[{"base_weights":[-1.7689053E-5,-1.581219E0,1.4607123E0,4.3622476E-1,-1.6174781E0,1.7502328E0,4.894255E-1],"categories":[],"categories_nodes":[],"categories_segments":[],"categories_sizes":[],"default_left":[0,0,0,0,0,0,0],"id":0,"left_children":[1,3,5,-1,-1,-1,-1],"loss_changes":[4.661456E2,7.7948914E0,2.8643845E1,0E0,0E0,0E0,0E0],"parents":[2147483647,0,0,1,1,2,2],"right_children":[2,4,6,-1,-1,-1,-1],"split_conditions":[-3.382915E-1,-1.9015826E0,-3.5511438E-2,4.3622476E-1,-1.6174781E0,1.7502328E0,4.894255E-1],"split_indices":[6,8,2,0,0,0,0],"split_type":[0,0,0,0,0,0,0],"sum_hessian":[1.9982011E2,9.591365E1,1.03906456E2,1.4986508E0,9.4415E1,7.94285E1,2.4477964E1],"tree_param":{"num_deleted":"0","num_feature":"10","num_nodes":"7","size_leaf_vector":"1"}},{"base_weights":[-2.4628375E-2,-8.024575E-1,4.221922E-1,-1.0164148E0,-2.4995464E-1,1.241097E0,1.6216695E-1],"categories":[],"categories_nodes":[],"categories_segments":[],"categories_sizes":[],"default_left":[0,0,0,0,0,0,0],"id":1,"left_children":[1,3,5,-1,-1,-1,-1],"loss_changes":[4.1282246E1,4.8677025E0,1.5870925E1,0E0,0E0,0E0,0E0],"parents":[2147483647,0,0,1,1,2,2],"right_children":[2,4,6,-1,-1,-1,-1],"split_conditions":[-6.8454945E-1,6.5814304E-1,-9.4692194E-1,-1.0164148E0,-2.4995464E-1,1.241097E0,1.6216695E-1],"split_indices":[6,1,8,0,0,0,0],"split_type":[0,0,0,0,0,0,0],"sum_hessian":[1.16805916E2,4.232692E1,7.4479E1,2.9906101E1,1.2420818E1,1.7040352E1,5.743865E1],"tree_param":{"num_deleted":"0","num_feature":"10","num_nodes":"7","size_leaf_vector":"1"}},{"base_weights":[-4.3987717E-2,8.6007786E-1,-3.888023E-1,8.724734E-2,1.0957562E0,-7.037199E-1,1.4954238E-1],"categories":[],"categories_nodes":[],"categories_segments":[],"categories_sizes":[],"default_left":[0,0,0,0,0,0,0],"id":2,"left_children":[1,3,5,-1,-1,-1,-1],"loss_changes":[2.8005335E1,4.424925E0,1.1115677E1,0E0,0E0,0E0,0E0],"parents":[2147483647,0,0,1,1,2,2],"right_children":[2,4,6,-1,-1,-1,-1],"split_conditions":[-4.1424504E-1,-8.257632E-2,4.4110346E-1,8.724734E-2,1.0957562E0,-7.037199E-1,1.4954238E-1],"split_indices":[2,8,0,0,0,0,0],"split_type":[0,0,0,0,0,0,0],"sum_hessian":[8.776429E1,2.3819054E1,6.3945236E1,5.8864727E0,1.793258E1,4.0150845E1,2.3794394E1],"tree_param":{"num_deleted":"0","num_feature":"10","num_nodes":"7","size_leaf_vector":"1"}},{"base_weights":[9.069768E-2,-2.4118753E-1,5.9176975E-1,1.993522E-1,-6.9067216E-1,-4.1981956E-1,1.0481195E0],"categories":[],"categories_nodes":[],"categories_segments":[],"categories_sizes":[],"default_left":[0,0,0,0,0,0,0],"id":3,"left_children":[1,3,5,-1,-1,-1,-1],"loss_changes":[1.3460012E1,9.817415E0,1.5303427E1,0E0,0E0,0E0,0E0],"parents":[2147483647,0,0,1,1,2,2],"right_children":[2,4,6,-1,-1,-1,-1],"split_conditions":[-3.6959478E-1,-9.068446E-1,-3.5242787E-1,1.993522E-1,-6.9067216E-1,-4.1981956E-1,1.0481195E0],"split_indices":[8,8,6,0,0,0,0],"split_type":[0,0,0,0,0,0,0],"sum_hessian":[7.908066E1,4.7883602E1,3.1197058E1,2.446346E1,2.3420141E1,9.723361E0,2.1473698E1],"tree_param":{"num_deleted":"0","num_feature":"10","num_nodes":"7","size_leaf_vector":"1"}},{"base_weights":[6.7696266E-2,-6.280182E-1,2.8193837E-1,-9.0013087E-1,6.848209E-1,5.1407087E-1,-3.5371265E-1],"categories":[],"categories_nodes":[],"categories_segments":[],"categories_sizes":[],"default_left":[0,0,0,0,0,0,0],"id":4,"left_children":[1,3,5,-1,-1,-1,-1],"loss_changes":[1.0114707E1,6.3349085E0,7.805311E0,0E0,0E0,0E0,0E0],"parents":[2147483647,0,0,1,1,2,2],"right_children":[2,4,6,-1,-1,-1,-1],"split_conditions":[-1.0399737E0,8.87504E-1,7.450053E-1,-9.0013087E-1,6.848209E-1,5.1407087E-1,-3.5371265E-1],"split_indices":[6,9,5,0,0,0,0],"split_type":[0,0,0,0,0,0,0],"sum_hessian":[6.567262E1,1.5007382E1,5.066524E1,1.269123E1,2.3161528E0,3.7252373E1,1.341287E1],"tree_param":{"num_deleted":"0","num_feature":"10","num_nodes":"7","size_leaf_vector":"1"}},{"base_weights":[-5.0974492E-2,-4.3117815E-1,1.5081215E-1,-1.1454726E0,2.88112E-2,-2.0076187E-1,1.1124326E0],"categories":[],"categories_nodes":[],"categories_segments":[],"categories_sizes":[],"default_left":[0,0,0,0,0,0,0],"id":5,"left_children":[1,3,5,-1,-1,-1,-1],"loss_changes":[4.674039E0,6.962001E0,1.3742255E1,0E0,0E0,0E0,0E0],"parents":[2147483647,0,0,1,1,2,2],"right_children":[2,4,6,-1,-1,-1,-1],"split_conditions":[5.02895E-2,-4.6458107E-1,-6.401908E-1,-1.1454726E0,2.88112E-2,-2.0076187E-1,1.1124326E0],"split_indices":[0,3,8,0,0,0,0],"split_type":[0,0,0,0,0,0,0],"sum_hessian":[5.907574E1,2.0088486E1,3.8987255E1,7.285297E0,1.2803188E1,2.9128817E1,9.858439E0],"tree_param":{"num_deleted":"0","num_feature":"10","num_nodes":"7","size_leaf_vector":"1"}},{"base_weights":[-5.9635737E-3,6.337995E-1,-1.23115264E-1,-4.9968216E-1,1.2064813E0,7.117099E-1,-2.3159361E-1],"categories":[],"categories_nodes":[],"categories_segments":[],"categories_sizes":[],"default_left":[0,0,0,0,0,0,0],"id":6,"left_children":[1,3,5,-1,-1,-1,-1],"loss_changes":[5.1229224E0,7.4710393E0,5.3928847E0,0E0,0E0,0E0,0E0],"parents":[2147483647,0,0,1,1,2,2],"right_children":[2,4,6,-1,-1,-1,-1],"split_conditions":[-1.2217218E0,-1.8256464E0,-6.66518E-1,-4.9968216E-1,1.2064813E0,7.117099E-1,-2.3159361E-1],"split_indices":[8,6,2,0,0,0,0],"split_type":[0,0,0,0,0,0,0],"sum_hessian":[6.631071E1,9.580688E0,5.6730022E1,3.258589E0,6.322099E0,5.8843703E0,5.0845654E1],"tree_param":{"num_deleted":"0","num_feature":"10","num_nodes":"7","size_leaf_vector":"1"}},{"base_weights":[5.7641327E-2,7.549674E-1,-1.5026682E-2,1.3466927E0,-1.7019454E-1,-1.4726949E-1,4.4688103E-1],"categories":[],"categories_nodes":[],"categories_segments":[],"categories_sizes":[],"default_left":[0,0,0,0,0,0,0],"id":7,"left_children":[1,3,5,-1,-1,-1,-1],"loss_changes":[3.0190046E0,3.3063865E0,3.409116E0,0E0,0E0,0E0,0E0],"parents":[2147483647,0,0,1,1,2,2],"right_children":[2,4,6,-1,-1,-1,-1],"split_conditions":[-1.3892987E0,7.227897E-2,9.3166596E-1,1.3466927E0,-1.7019454E-1,-1.4726949E-1,4.4688103E-1],"split_indices":[5,3,1,0,0,0,0],"split_type":[0,0,0,0,0,0,0],"sum_hessian":[5.8353947E1,4.6210303E0,5.3732918E1,2.540512E0,2.080518E0,4.2302895E1,1.1430022E1],"tree_param":{"num_deleted":"0","num_feature":"10","num_nodes":"7","size_leaf_vector":"1"}},{"base_weights":[2.3647452E-2,-3.9362174E-1,1.4935714E-1,-8.766409E-1,7.137681E-2,5.6841403E-1,-3.7624527E-2],"categories":[],"categories_nodes":[],"categories_segments":[],"categories_sizes":[],"default_left":[0,0,0,0,0,0,0],"id":8,"left_children":[1,3,5,-1,-1,-1,-1],"loss_changes":[3.1697628E0,3.208343E0,3.649408E0,0E0,0E0,0E0,0E0],"parents":[2147483647,0,0,1,1,2,2],"right_children":[2,4,6,-1,-1,-1,-1],"split_conditions":[-9.126768E-1,8.491367E-1,-5.4955715E-1,-8.766409E-1,7.137681E-2,5.6841403E-1,-3.7624527E-2],"split_indices":[6,0,1,0,0,0,0],"split_type":[0,0,0,0,0,0,0],"sum_hessian":[5.830771E1,1.3005905E1,4.5301804E1,5.9451256E0,7.0607796E0,1.3347623E1,3.1954182E1],"tree_param":{"num_deleted":"0","num_feature":"10","num_nodes":"7","size_leaf_vector":"1"}},{"base_weights":[-2.5879052E-2,3.8164008E-1,-1.3149165E-1,-6.824931E-1,5.8703405E-1,8.263717E-1,-1.871964E-1],"categories":[],"categories_nodes":[],"categories_segments":[],"categories_sizes":[],"default_left":[0,0,0,0,0,0,0],"id":9,"left_children":[1,3,5,-1,-1,-1,-1],"loss_changes":[2.456628E0,2.9719143E0,2.5637171E0,0E0,0E0,0E0,0E0],"parents":[2147483647,0,0,1,1,2,2],"right_children":[2,4,6,-1,-1,-1,-1],"split_conditions":[-1.0158788E0,-1.0146192E0,-1.8606511E0,-6.824931E-1,5.8703405E-1,8.263717E-1,-1.871964E-1],"split_indices":[3,6,8,0,0,0,0],"split_type":[0,0,0,0,0,0,0],"sum_hessian":[5.4912933E1,1.0764234E1,4.4148697E1,1.3657128E0,9.398521E0,1.6660204E0,4.2482677E1],"tree_param":{"num_deleted":"0","num_feature":"10","num_nodes":"7","size_leaf_vector":"1"}}]},"name":"gbtree"},